"优先级","批次","资产域","范围或ID","数量","规格","现有状态","正式生产动作","验收出口"
"P0","A01 教程主路径闭环","主角单位","victor／hero","1套","32 PPU；侧视；32×64基准；待机／移动／攻击／受击／倒地","已有静态正式单位与立绘；历史动画原料未完成现行合同闭环","保留正式静态母版；按动作分别建立现行manifest并做运行时接触复核","四场固定教程战斗中动作、足底、遮挡和点击归属一致"
"P0","A01 教程主路径闭环","教程普通敌人","tether_hound／pyromancer／sigil_mauler／raider","4套","32 PPU侧视；自适应32倍数画布","已有同名正式静态单位","复核与当前数据ID、意图和占格映射；缺动作时按角色逐项补齐","FIRST-B1／B2／B3不使用文字或通用几何体代替单位"
"P0","A01 教程主路径闭环","教程精英敌人","breach_ram","1套","32 PPU侧视精英构装体；正面楔形承压头、侧面稳压环、背部泄压阀","旧候选已达三轮上限且未入正式目录","保留为阻塞项，不重复消耗生成轮次；先使用明确占位并等待独立重启决定","FIRST-X能区分待机、蓄压、锁线、撞击、浅水冷却和干地卸压"
"P0","A01 教程主路径闭环","教程战场地表","rain_lantern_court／greenhouse_collection／rain_prism_court／three_material_pressure","4套","6×5／7×6／8×5／8×6布局；32×32地面；32×40方向外沿；32×8前立面；统一32 PPU","已有正式学院地面、宏块、结构和覆盖素材；逐关组合接触未完成","不重做已有模块；为四关建立资产映射表与1×／6×实际应用图，缺什么再补什么","四关正式布局无占位底色、错误透视、重复网格或非整数缩放"
"P0","A01 教程主路径闭环","教程场地物件","浅水／灯藤／普通晶簇／精英稳压晶簇／轻掩体／重掩体／器材匣或宝箱","7类","地表32×32；透明物件32 PPU；破坏物至少完整／受损／移除状态","已有部分正式地表、晶簇、掩体和宝箱；精英稳压晶簇身份与全套状态需复核","先做现有映射审计；仅补缺失状态和精英专属剪影","四关机制变化在不读文字时也能识别"
"P2","A01 教程主路径闭环","教程术式与被动图标","首轮固定基础配置＋三组奖励＋精英被动","按教程流程解析","固定32×32；功能先于元素；单一主符号；无文字","FormalSkillIcons32为空；BASE-FIRE-MELEE三轮未通过","战斗地图和敌人主线完成后再恢复图标批次","奖励卡、术式栏和悬停说明使用同一正式图标且1×可读"
"P0","A01 教程主路径闭环","教程装备／法宝／材料图标","学院装备33＋教程法宝与强化材料子集","按权威数据表","固定32×32；背包占格图独立","33件学院装备图标与占格图、20件法宝图标已在正式目录；材料覆盖待核对","冻结已有GUID；只补教程实际引用但未映射的材料与法宝","三次奖励、工坊、背包和商店不回退通用图标"
"P0","A01 教程主路径闭环","教程战斗VFX","火焰命中／投射／护盾／束缚／破势／推位／晶簇爆裂／水灭火／灯藤破坏／冲压","10族","32×32单帧基线；4–10独立帧；最多12色","FormalVfx32为空；存在旧QA原料但未形成现行正式资产","按真实结算事件分族生产，先做火焰近战接触与晶簇爆裂","关闭动画不改结果；命中时刻与结算快照一致"
"P0","A02 启动与地图入口","维克多立绘与头像","victor_portrait／角色选择全身图／地图头像","3用途","立绘与UI头像职责分离；当前只开放维克多","已有1张正式头像；全身角色选择用途待复核","复用身份母版，补缺失裁切或独立原料，不用战斗Sprite放大","角色选择、地图抬头和档案页身份稳定"
"P2","A02 启动与地图入口","主界面与流程背景","startup／landing／map／briefing／inventory／settlement／archive／settings","8类","1920×1080参考；像素UI；内容区与交互区分层","正式背景目录已有10张","战斗地图和敌人主线完成后再做真实入口接触验收","首次设置到战斗摘要全流程无临时渐变或测试底图"
"P2","A02 启动与地图入口","学院地图节点系统","8种节点类型＋状态外框＋路线＋当前位置","1套","类型48×48；状态独立；路线与节点不烘焙成整图","8种类型图标、路线、区域图标和多组状态资源已存在","战斗地图和敌人主线完成后核对旧服务／宝藏残留","约30节点地图在1×与6×下类型、可达、完成、锁定可区分"
"P2","A03 共用界面闭环","像素UI皮肤","面板／按钮／标签／槽位／血盾魔条／奖励态／危险态","1套","原生16／32像素九宫格与语义控件","FormalUISkin16已有30项；导航与反馈图标已有正式资源","保持冻结，仅修复会阻断战斗可读性的控件缺口","战斗、奖励、背包、事件、服务和结算不混用不一致边框"
"P0","A03 共用界面闭环","战斗语义图标","命令／意图／状态／反馈／资源","现有集合＋缺口","16×16语义图最多4色；32×32信息图按合同","正式目录已有命令6、意图5、状态6、反馈14、资源15","根据首轮四战实际显示逐项做覆盖表，只补缺口","所有真实规则可由图标＋悬停说明读取，不以颜色单独表达"
"P0","B01 第一阶段战斗池","第一阶段敌人静态单位","学院敌人17个","17套","32 PPU侧视；逻辑占格独立","10个权威ID有同名正式静态资源；elite_vanguard与prototype_hand已产出32×64正式候选资产但按当前范围不导入Unity；4个新单位仍缺专属资产；breach_ram旧候选被拒绝","继续补elder_tracker_hound／signal_keeper，再补wind_librarian／legacy_storekeeper；breach_ram保持阻塞；本轮只交付资产与QA证据","17个敌人均有身份正确、规格一致、可独立审阅的专属资产"
"P1","B01 第一阶段战斗池","敌人动作与状态姿态","玩家1＋敌人17","18套","待机／移动／普通攻击／专属动作／受击／倒地；只做玩法实际需要的差异帧","FormalEnemyAnimations64为空","先按教程5单位，再按E01–E03和B01扩展；相同结算可复用动作，不为数值差异复制动画","动作不延迟或伪造结算，状态姿态能支持公开意图"
"P0","B01 第一阶段战斗池","通用场地库","地图元素21条","21类","地表32×32；物块32 PPU；环境状态为UI读数与场内表现分离","已有大量学院地形、结构与语义图标；不可破坏柱状墙仍是程序占位","先替换不可破坏柱状墙，再逐ID绑定完整／受损／移除或覆盖状态","每条元素有唯一运行时资源映射与实际应用证据"
"P0","B01 第一阶段战斗池","区域地表与结构套件","中庭／教学／工坊／医务／郊野／封存塔核心","6套","统一斜俯视、左上光、32 PPU；地面墙体与物件职责分离","学院通用地面73、结构97、独立地面16等正式资源可复用","按6区域建立材质色族和复用矩阵；只补不能由现有模块表达的区域识别件","17个战斗内容在复用中仍能一眼识别区域与玩法空间"
"P0","B01 第一阶段战斗池","关卡应用组合","FIRST四战＋学院层12个普通节点＋4个精英节点＋B01","21张节点应用","默认25–36格；复杂机制图40–50格；原生坐标表、绘制顺序、1×／6×接触图","关卡布局与部分底图已在Unity；统一美术接触证据未完成","按教程四战→4个精英节点→B01→12个普通节点建立组合manifest","可走格、阻挡、点击、遮挡与审美同时通过"
"P2","B02 事件与服务","事件插图","EV01–EV08","8张","480×270原生背景基线或页面合同尺寸；无正文烘焙","尚无按事件ID登记的正式插图","战斗地图和敌人主线完成后再生产","事件不靠通用空插图，选择前不泄露结果"
"P1","B02 事件与服务","服务节点场景与标识","W01／S01／SHOP01及共用服务页","3套","工坊／医务室／商店各有明确岗位、材料和功能焦点","已有通用UI与大量学院结构素材；服务专属应用未闭环","优先组合现有正式家具与界面，再补岗位识别物和背景","锻造、治疗／餐食、购买在一秒内可区分"
"P1","B02 事件与服务","餐食与消耗品图标","餐食8＋阶段实际投放消耗品","按数据表","固定32×32；单物件；5–8色","资源与物品图标已有部分，餐食逐ID映射待核对","补缺失图标并绑定商店、医务室、背包同一ID","购买卡、状态和背包图标一致"
"P1","B03 构筑内容","全阶段术式图标","当前67个术式","67张","固定32×32；功能剪影优先；元素色只是辅助","FormalSkillIcons32为空","按教程可见→第一阶段奖励池→其余条目三批生产","1×下不靠名称也能区分作用类别与目标方式"
"P1","B03 构筑内容","法宝与装备图标","法宝20＋学院装备33","53张＋占格图","固定32×32；装备另有背包占格","20件法宝、33件装备及33张装备占格图已在正式目录","冻结并做ID、GUID、Importer与实际页面复核；不重复生成","奖励、背包、工坊、商店一致且无回退图标"
"P1","B04 首领与结算","首领与机关表现","core_overseer＋塔内机关3组＋护障墙／显影光带／冲压线／塔压／并链","1首领＋3机关＋5表现族","单位32 PPU；机关按物块；线路与VFX 32 PPU／32×32帧","首领静态单位存在；机关和阶段表现未形成完整正式套件","先补三机关差异和阶段切换，再补五类结算表现","B01三阶段全部公开且不依赖文本猜测"
"P1","B04 首领与结算","单轮总结与失败表现","F60／F61","2套页面表现","复用正式UI皮肤；插图不得改变真实结果","正式settlement／archive背景可复用","补胜利、失败、放弃三种状态标识与实际数据接触验收","奖励阻塞、路线、构筑和资源记录清晰"
"P2","C01 最终表现收口","局内对话表现","四场固定战斗＋后续配置内容","共用1套","来源头像／姓名／字幕框；不推进战斗状态","规则已定义；具体台词和角色头像覆盖未齐","等具体台词冻结后补头像映射，不提前虚构","跳过与播放后战斗状态完全相同"
"P2","C01 最终表现收口","环境与界面动效","地图展开／节点状态／奖励／服务／战斗反馈","按事件族","整数像素位移；禁非整数缩放；真实结算驱动","静态资产多，统一动效闭环不足","静态资产完成后按事件族实现，不为每页面重复做动画","1×／2×／4×及6×标准显示无抖动或半像素"
