"ID","阶段","进入条件","必须完成","可选操作","唯一正常出口","保存点","首次教学","关卡内容状态","页面状态"
"PRE-00","双品牌印记与本机首次设置","应用启动","看完或跳过品牌段；本机首次启动时应用音量、分辨率和显示模式","非首次启动不显示设置页","未看世界观动画时进入PRE-01；否则进入FR-00","设备设置写入本机","设置作用与恢复入口","不涉及","OC印记→OCC印记→首次设置"
"PRE-01","世界观动画","PRE-00完成且游戏级动画未看","看完或跳过动画","跳过动画","进入FR-00","游戏级已看标记写入成功","可跳过提示","不涉及","动画→以太主界面"
"FR-00","以太主界面与存档位确认","PRE-00／PRE-01完成","选择三个存档位之一并确认准备创建；已有存档时明确覆盖对象","取消返回主界面；可继续有效存档","进入FR-01角色选择且不写入新档","无；原档与当前地图运行保持不变","开始／继续／设置／三人生阶段／覆盖后果","不涉及","主界面→存档位→创建／覆盖确认→角色选择"
"FR-01","角色选择、固定基础配置与学院阶段介绍","FR-00确认目标存档位","选择已开放的维克多；查看身份、简介、核心特性、学生背景、就地接线与借障导流；点击以此角色开始；看完或跳过学院阶段介绍","返回存档位；跳过学院阶段介绍","创建或覆盖存档后进入首轮固定教程地图并取得控制权","点击以此角色开始后才写入角色、首轮固定教程段版本、首轮种子与对应槽位","预设角色／未开放槽／固定配置／学院阶段","不涉及","角色档案→以此角色开始→写档→学院介绍→地图接管"
"FR-02","首轮固定教程地图与战斗1预览","FR-01完成","选择唯一可达的战斗1；查看摘要并确认出发","暂不出发并返回地图","创建战斗1状态后进入FR-03","确认节点时保存位置；确认出发时保存战斗入口快照","节点状态／摘要／任务／敌人／地形／奖励类型","战斗1已冻结","地图→节点摘要→出发确认→提交中"
"FR-03","战斗1","战斗1状态创建成功","完成学院实地对抗课程或生命归零","暂停／返回标题／主动放弃","胜利进入FR-04；失败进入F61","每个完整命令结算后保存","B1-01至B1-09","战斗1已冻结；时长待按65–75秒合同复核","战斗→结束演出或F61"
"FR-04","战斗1战果与第一组固定三选一","战斗1胜利","确认战果；从焦痕跃进／熔障爆点／炉温护持中选择一项并确认","查看详情／比较／处理背包","奖励与解锁原子保存后返回地图","战损／节点完成／奖励选择／解锁结果同事务保存","B1-10／B1-11","奖励内容已冻结；在战斗2分别验证突进搜刮／破坏引爆／稳健承伤","结束演出→只读战果→三选一→确认→F41或原子保存"
"FR-05","事件1受阻的温室传令／事件2温室勤务签领","FR-04完成","两节点均完成；访问顺序自由；事件1放置轻装传令衣与承力合金并比较换装；事件2装备导位罗盘、领取食材并选择贡献或金币","在未确认前返回地图；事件1可保留传令衣不换装","两事件完成后开放战斗2","每个事件结果独立保存","事件1：背包占格／旋转／装备比较；事件2：法宝／战术栏／次数／资源选择","两事件内容已冻结","地图摘要→独立事件正文→交付／选择→领取与去向→独立保存"
"FR-06","战斗2温室藏品间预览、战斗与战果","FR-05完成","确认出发并完成任务；验证第一组奖励、事件1装备和事件2导位罗盘；搜刮并处理苗床回流芯","暂不挑战／暂停／返回标题／主动放弃；可沿南侧普通路线不碰机制","胜利进入FR-07；失败进入F61","入口快照／逐命令／战果结算分别保存","战斗内搜刮／背包与装备／法宝次数／灯藤绕行／晶簇爆裂／五格碎晶","核心布局与机制已冻结；侧锋J3、替身偶J7已落表并接入固定AI","摘要→确认→战斗→结束演出→只读战果或F61"
"FR-07","第二组固定三选一","战斗2胜利结算","从熔障校准／脱线疾行／炉压震步中选择一项并确认","查看详情／比较／处理背包","奖励写入后返回地图并开放工坊与事件3","奖励与解锁同事务保存","摧毁回流／脱险提速／突进冲击比较","三项同时展示且不按第一组选择自动替换；单位与物件使用同一伤害数字","三选一→比较→确认→F41或原子保存"
"FR-08","工坊与事件3折光庭校验签领","FR-07完成","事件3领取增幅刻墨并在学院贡献1／截击铃完整2次实例间选择；精英前完成一次锻造与一次术式专精","工坊可在战斗3前后访问；未确认可退出","事件3完成后可进入战斗3；加工后返回地图","事件结果与每次加工分别保存","确定性加工预览／唯一合法去向自动完成／专精／回访状态","增幅结果：焦痕跃进邻接8→10；熔障爆点中心16→20；熔障校准8→10；脱线疾行3→4格；炉压震步8→10","工坊首页→目标→分支／材料→唯一结果→确认→保存；事件正文→交付／选择→去向→保存"
"FR-09","战斗3雨痕晶庭预览、战斗与战果","事件3完成","确认出发并击倒替身偶与火矢生；完成燃烧／浅水状态教学","暂不挑战／暂停／返回标题／主动放弃；可从C7绕行并放弃器材匣","胜利进入FR-10；失败进入F61","入口快照／逐命令／教学触发完成／战果结算分别保存","燃烧来源与时序／浅水移除／四种单位状态与场地状态区别／器材匣搜刮","关卡已冻结；F4封门晶簇控制G4器材匣入口；固定学院储能芯","摘要→确认→战斗→燃烧说明→浅水预览与熄灭→状态总结→结束演出→只读战果或F61"
"FR-10","第三组固定三选一","战斗3胜利结算","从刻印战锤／接触耦合环／余烬格挡中选择一项并确认","查看详情／比较／处理背包","奖励写入后返回地图并开放医务室与精英入口","奖励与解锁同事务保存","精英前地形破坏／穿刺突进／通用防守构筑检查","奖励已冻结；两条完整构筑与交叉保底均可进入精英","三选一→构筑检查→确认→F41或原子保存"
"FR-11","精英前整备","FR-10完成","完成一次锻造、一次术式专精和免费健康确认","治疗／餐食购买／整理构筑","三项强制条件保存后开放精英挑战","每次加工／健康确认／交易分别保存","生命不自然恢复／治疗／餐食／精英门槛","不涉及","医务室首页→健康确认／可选交易→保存；精英清单→节点跳转或出发"
"FR-12","三材承压场准备与精英战","FR-11三项强制条件完成","查看楔角、三材机制与当前锁线预览；确认挑战并击倒楔角","调整允许配置／暂不挑战；战中暂停或放弃；可从C7普通路线绕行","胜利进入FR-13；失败进入可重试F61且不开放商店","确认挑战保存入口；逐命令与锁线状态保存；胜败结果保存","构筑汇总／公开锁线与碰撞预览／浅水冷却／灯藤搜查／晶簇耐久／干地卸压／挑战确认","精英地图、楔角规则与固定精英奖励均已冻结；无支援敌人","准备摘要→挑战确认→战斗→公开锁线→双方改写战场→只读战果或F61"
"FR-13","精英战果、奖励与商店","精英胜利","从回火导流／动势点火／缓冲覆层中选择一项；同时领取低压回路护额、定锚支架完整4次实例和金币6；首次打开商店","配置或暂不装备所选被动／比较／整理背包与战术栏／直接购买／保留货币","整包奖励写入后开放商店；离开商店后进入FR-14","被动选择与固定装备法宝金币作为同一待领取事务；每次购买独立保存","被动术式占槽与常驻效果／固定装备法宝去向／6金币保证任购一件／价格库存售罄","固定奖励包与商店库存均已冻结；读档不重抽不重复发放","只读战果→被动三选一＋固定获得区→F41或整包保存→地图高亮→商店→购买或保留→离开"
"FR-14","首轮固定教程段结束与随机地图接续","FR-13离开商店","查看完成提示并继续","重看已见教程","写入首轮固定教程段完成标记并保留当前轮次状态；按首轮种子生成后续约19个常规学院节点并进入地图","首轮固定教程段完成标记、继承快照与后续随机地图生成结果原子写入","教程完成／教程档案／继承内容／随机地图接续","后续约19个常规学院节点按当前轮次种子和版本内容池随机生成；连同11个固定教程节点，第一阶段总量约30个并允许上下浮动；生成后写入存档且读档不重抽","完成提示→继承快照→生成随机节点→常规学院地图"
"F61","首轮固定教程段战斗失败／放弃结算","任一首轮固定教程战斗生命归零或主动放弃","查看本场路线、构筑、失败原因和未解锁内容","返回本场战前准备并重试／返回入口","重试恢复本场入口快照；返回入口后继续该存档仍回到可重试状态","失败原因与入口快照写入；不写首轮固定教程段完成或永久关闭标记","保留本场已完成教学ID；尚未触发的教学在重试时继续等待","不完成当前节点、不发放奖励、不开放后续节点或商店","失败摘要→重试并返回战前准备／返回入口"
