"敌人","敌人分类","意图名字","意图效果描述","被动","状态"
"替身偶","训练构造物","贴压","近战造成2点伤害，清空目标护盾并施加破势。","无","破势：清空护盾，至目标下一次自身回合结束前无法获得护盾。"
"补盾助教","普通支援","贴墙续盾","为贴着同一堵墙或同一物块且护盾最少的友军提供4护盾。","借墙：一段掩体被拆除时获得4护盾。","护盾；结构护盾。"
"补盾助教","普通支援","应对·优先为受击友军续盾","玩家角色本回合对某友军造成伤害后，下回合优先为该友军续盾。","借墙：一段掩体被拆除时获得4护盾。","护盾；结构护盾。"
"寻迹兽","普通魔法生物","撕咬","近战造成3点伤害并束缚1回合。","搜查：目标藏入灯藤时改赴已知入口搜查；命中摧毁该格灯藤并伤害同格单位。","束缚：禁止主动移动。"
"盾术生","普通学生","铭盾冲撞","造成2点物理伤害并施加敏捷-1持续1回合。","回合整盾：自身回合开始获得2护盾。","敏捷-1：有效步数减少1，最低为0。"
"火矢生","普通学生","火矢","造成5点火焰伤害并施加燃烧4，持续2个目标自身回合。","无","燃烧：目标自身回合结束时按强度受到火焰伤害；重复施加仅刷新持续量，进入浅水移除。"
"侧锋生","普通学生","钩刃牵制","造成3点物理伤害并束缚1回合。","无","束缚：禁止主动移动。"
"划线教官","精英教职","划线","公开标出下一处临时重掩体的位置与形状。","守位：站于本单位所筑墙旁时，回合开始额外获得4护盾。","临时重掩体。"
"划线教官","精英教职","夯墙","沿划线位置生成耐久12、阻挡移动与攻击线的临时重掩体。","守位：站于本单位所筑墙旁时，回合开始额外获得4护盾。","临时重掩体；结构护盾。"
"划线教官","精英教职","拆架","拆除一段墙；站于其上或贴墙的单位护盾清空并被施加破势；拆除本身不造成伤害。","守位：站于本单位所筑墙旁时，回合开始额外获得4护盾。","破势：清空护盾，至目标下一次自身回合结束前无法获得护盾。"
"划线教官","精英教职","应对·拆除玩家角色所倚结构","玩家角色在其所筑墙旁获得过护盾，或拆除了其中一段墙后，下回合优先拆除或在原位重筑并加厚该段结构。","守位：站于本单位所筑墙旁时，回合开始额外获得4护盾。","临时重掩体；结构护盾。"
"拴索助教","普通控制","刻印","在3格内空格刻下持续3回合的约束纹；进入该格的单位该回合留在原地。","无","约束纹。"
"拴索助教","普通控制","石索","造成1点伤害并束缚2回合；施放前公开警告。","无","束缚：禁止主动移动。"
"拴索助教","普通控制","应对·绕行时前移约束纹","玩家角色绕开约束纹后，在新路线的下一格补刻一处。","无","约束纹。"
"提灯巡查","普通支援","转灯","投出直线4格显影光带；光带上单位无法藏身、护盾被清除并受到1点奥术伤害。","无","光带；暗段；护盾清除；藏身无效。"
"提灯巡查","普通支援","应对·藏身时转向显影","玩家角色进入藏身后，下回合优先将显影光带转向玩家角色方向。","无","光带；藏身。"
"背弩生","普通学生","架弩","占一整个回合完成重弩架设；架设回合无法攻击；架设后射程2至5格。","退距：无法命中目标（相邻或无攻击线）时，公开后退1格并重新架设。","攻击线。"
"背弩生","普通学生","重矢","造成5点物理伤害；相邻两格内无法命中。","退距：无法命中目标（相邻或无攻击线）时，公开后退1格并重新架设。","攻击线。"
"背弩生","普通学生","应对·失去攻击线时更换架设点","失去攻击线后，公开选出新架设点，并在下回合重新架设。","退距：无法命中目标（相邻或无攻击线）时，公开后退1格并重新架设。","攻击线。"
"塔之守卫","固定首领","门槛放行","前三个自身回合依序放行护障维护、显影巡查、冲压隔离机关；移动与霸体只属于该首领门槛技能，不构成通用移动意图。","放行·护障维护：核心回合开始获得2护盾，并生成最多2面耐久12临时重掩体；放行·显影巡查：公开直线5格光带，光带上单位护盾被清除，遮挡处形成暗段；放行·冲压隔离：公开直线4格冲压线，核心回合结束时线上单位受到6点以太伤害；并链：阶段二每次出手时，已放行机关同时结算，换装当回合全部攻击冷却减1（最低1回合）。","临时重掩体；光带；暗段；冲压线；霸体。"
"塔之守卫","固定首领","拆架重锤","相邻1格造成8点物理伤害并施加破势；冷却2回合。","放行·护障维护：第1回合放行，核心回合开始获得2护盾，并生成最多2面耐久12临时重掩体；放行·显影巡查：第2回合放行直线5格光带，光带上单位护盾被清除，受物块遮断处形成暗段；放行·冲压隔离：第3回合公开直线4格冲压线，核心回合结束时线上单位受6点以太伤害；并链：阶段二每次出手时，存活已放行机关同时结算一次，换装当回合全部攻击冷却减1（最低1回合）。","破势：清空护盾，至目标下一次自身回合结束前无法获得护盾。"
"塔之守卫","固定首领","引链","把最近一组已放行机关拉至自身正交相邻格；每场3次。","放行·护障维护：第1回合放行，核心回合开始获得2护盾，并生成最多2面耐久12临时重掩体；放行·显影巡查：第2回合放行直线5格光带，光带上单位护盾被清除，受物块遮断处形成暗段；放行·冲压隔离：第3回合公开直线4格冲压线，核心回合结束时线上单位受6点以太伤害；并链：阶段二每次出手时，存活已放行机关同时结算一次，换装当回合全部攻击冷却减1（最低1回合）。","已放行机关。"
"楔角","精英构装体","应对·地形变化时重算路线","路线上的地形或占位变化后，即时公开重算路线、终点与碰撞物；上一轮撞空后，下一轮优先撞击单位。","锁线：意图生成时公开锁定目标格与路线，锁定后不擅自变更目标；干地卸压：在非浅水格结束冲压时清空自身护盾，至下个自身回合结束前无法获得护盾；浅水冷却：在浅水格结束冲压时不进入卸压状态。","移动消耗；浅水；强制位移。"
"老寻","精英兽类","循味","沿气味痕移动时移动力加2，且不受浅水与碎晶额外消耗影响。","留味：玩家角色经过的每格留下持续3回合的气味痕。","气味痕；浅水；碎晶；移动消耗。"
"老寻","精英兽类","扑咬","近战造成3点伤害；目标位于气味痕上时改为6点并束缚1回合。","留味：玩家角色经过的每格留下持续3回合的气味痕。","气味痕；束缚：禁止主动移动。"
"老寻","精英兽类","应对·停留时间延长气味痕","玩家角色在同一格停留超过一个自身回合后，该格气味痕加深；循味至该格可直接扑击。","留味：玩家角色经过的每格留下持续3回合的气味痕。","气味痕。"
"小铃","精英图书管理员（风系）","换风","公开改变全场风向与风级；风级按已用次数由1递增至3，每场最多3次；风只搬动散页、碎晶、烟尘，不改变攻击线；场上有火场时优先把火吹向玩家角色一侧。","无","风；散页；碎晶；烟尘；火场。"
"小铃","精英图书管理员（风系）","扬页","消耗3格散页立起持续至自身下一回合开始的3格页幕；截断穿过该格的攻击线；散页不足3格或直线不成立时不发动。","无","散页；页幕；攻击线。"
"小铃","精英图书管理员（风系）","卷页","消耗离玩家角色最近的1格散页，打出风刃造成4点伤害，射程4。","无","散页。"
"小铃","精英图书管理员（风系）","推风","将3格内一个单位沿主轴推开1格；目标格不合法时不发动。","无","强制位移。"
"小铃","精英图书管理员（风系）","应对·玩家角色生成火场时改换风向","玩家角色本回合生成火场或点燃散页后，下回合改为换风，将着火散页吹向玩家角色所在的一侧。","无","火场；散页；风。"
"试制员","精英工坊试制岗","布放","每自身回合在正交相邻空格布放1件试制件；全场最多4件，先放护罩发生器再放过载装置；双方均可拆除。","无","护罩发生器；过载装置；困难地形。"
"试制员","精英工坊试制岗","引爆","立即引爆与玩家角色正交相邻的一件过载装置；造成8点以太伤害且不分敌我。","无","过载装置。"
"试制员","精英工坊试制岗","应对·装置被拆除时补充布放","玩家角色拆除一件试制件后，下回合优先补放一件，库存减1。","无","护罩发生器；过载装置。"
"试制员","精英工坊试制岗","应对·玩家角色贴近时引爆","玩家角色站在某件试制件相邻时，优先引爆该件。","无","过载装置。"
"老库管","精英封存保管","退件","清除场上一个场地效果或装置，双方来源均包括；优先清除玩家角色本回合新生成的一个。","无","场地效果；装置。"
"老库管","精英封存保管","登记","为目标挂待检定标记；标记期间其下一次获得的护盾被优先清除。","无","待检定标记；护盾。"
"老库管","精英封存保管","应对·场地效果生成时退件","玩家角色本回合生成场地效果或放置装置后，下回合优先退掉该效果或装置。","无","场地效果；装置。"
"灯台值守","普通郊野值守","转镜","投出直线6格并随观测方向转动的光柱；自身回合结束时柱上单位受到5点以太伤害；被重掩体、建筑或灯藤遮断处形成暗段。","无","光柱；暗段；重掩体；灯藤。"
"灯台值守","普通郊野值守","应对·借暗段绕行时转动光柱","玩家角色结束移动时不在光柱照明格内（包括借遮蔽形成的暗段）后，转动光柱至其新路线；每场最多2次，方向未变时不消耗次数。","无","光柱；暗段。"
"补盾助教","普通支援","护障蓄能","成长意图：施加护盾授予+1，持续至战斗结束；每场最多一次，不造成伤害。","借墙：一段掩体被拆除时获得4护盾。","护盾授予+1。"
"补盾助教","普通支援","覆障投射","以一名友军为中心，对其正交相邻且满足贴墙条件的友军各提供2护盾；不对单位造成伤害。","借墙：一段掩体被拆除时获得4护盾。","友军中心十字范围；护盾。"
"侧锋生","普通学生","侧锋蓄势","成长意图：施加力量+1，持续至战斗结束；每场最多一次，不造成伤害。","无","力量+1。"
"侧锋生","普通学生","钩刃扫切","对前方3格扇形内单位各造成2点物理伤害；中心格目标额外被束缚1回合；攻击前公开扇形范围。","无","前方3格扇形；中心目标束缚1回合。"
"灯台值守","普通郊野值守","灯台升压","成长意图：施加法强+1，持续至战斗结束；每场最多一次，不造成伤害。","无","法强+1。"
"灯台值守","普通郊野值守","转镜扫照","公开直线6格光柱；自身回合结束时，光柱内单位各受到5点以太伤害；遮挡处形成暗段。","无","直线6格；每目标5点以太伤害；光带与暗段。"
"盾术生","普通学生","整盾成长","成长意图：施加力量+1与护盾效能+1，持续至战斗结束；立即获得2护盾；每场最多一次。","回合整盾：自身回合开始获得2护盾。","力量+1；护盾效能+1；立即获得2护盾。"
"盾术生","普通学生","盾面横扫","前方3格扇形内单位各受到2点物理伤害；施加敏捷-1，持续1回合。","回合整盾：自身回合开始获得2护盾。","前方3格扇形；敏捷-1。"
"火矢生","普通学生","火矢蓄热","成长意图：施加法强+1，持续至战斗结束；每场最多一次，不造成伤害。","无","法强+1。"
"火矢生","普通学生","爆炎散射","对目标格与其正交相邻格内单位各造成3点火焰伤害，并施加燃烧2，持续2个目标自身回合；攻击前公开范围。","无","目标格加正交邻格；燃烧2，持续2个目标自身回合。"
"替身偶","训练构造物","重锤蓄势","成长意图：施加力量+1，持续至战斗结束；每场最多一次，不造成伤害。","无","力量+1。"
"替身偶","训练构造物","锤印震环","自身周围正交相邻单位各受到2点物理伤害并施加破势。","无","自身周围正交4格；破势。"
"寻迹兽","普通魔法生物","猎意增长","成长意图：施加力量+1与敏捷+1，持续至战斗结束；每场最多一次，不造成伤害。","搜查：目标藏入灯藤时改赴已知入口搜查；命中摧毁该格灯藤并伤害同格单位。","力量+1；敏捷+1。"
"寻迹兽","普通魔法生物","缚环低吼","自身周围正交相邻单位各被束缚1回合；施放前公开十字范围。","搜查：目标藏入灯藤时改赴已知入口搜查；命中摧毁该格灯藤并伤害同格单位。","自身周围正交4格；束缚1回合。"
"划线教官","精英教职","阵列加固","成长意图：施加力量+2与护盾效能+1，持续至战斗结束；立即获得4护盾；每场最多一次。","守位：站于本单位所筑墙旁时，回合开始额外获得4护盾。","力量+2；护盾效能+1；立即获得4护盾。"
"划线教官","精英教职","封线夯墙","在公开的直线3格内生成最多3段耐久12的临时重掩体；不造成伤害。","守位：站于本单位所筑墙旁时，回合开始额外获得4护盾。","直线3格；最多生成3段重掩体。"
"拴索助教","普通控制","石索蓄能","成长意图：施加控制+1，持续至战斗结束；每场最多一次，不造成伤害。","无","控制+1。"
"拴索助教","普通控制","石索封线","在公开的直线3格内生成约束纹场地效果，持续2回合；进入格子的单位束缚1回合；执行前公开完整范围与实际可放置格。","无","约束纹场地效果持续2回合；进入者束缚1回合。"
"提灯巡查","普通支援","灯芯增亮","成长意图：施加法强+1，持续至战斗结束；每场最多一次，不造成伤害。","无","法强+1。"
"提灯巡查","普通支援","双灯扫照","投出两条平行3格光线；光线内单位各受到1点奥术伤害、清空护盾并被标记1回合；遮挡处不生效。","无","两条平行3格线；清空护盾；标记1回合。"
"背弩生","普通学生","绞盘上紧","成长意图：施加力量+2，持续至战斗结束；每场最多一次，不造成伤害。","退距：相邻或无攻击线时公开后退1格并重新架设。","力量+2。"
"背弩生","普通学生","裂矢","对目标格造成3点物理伤害，并对目标格正交相邻单位各造成3点物理伤害；攻击前公开中心格与范围。","退距：相邻或无攻击线时公开后退1格并重新架设。","目标格加正交邻格；物理伤害。"
"试制员","精英工坊试制岗","过载校准","成长意图：施加法强+2，持续至战斗结束；每场最多一次，不造成伤害。","布放：每自身回合布放1件试制件，全场最多4件；试制件可被双方拆除。","法强+2。"
"试制员","精英工坊试制岗","连锁过载","引爆目标过载装置及与其正交相邻的另一件过载装置；每件对正交邻接单位各造成8点以太伤害，敌我一致；每次最多引爆2件。","布放：每自身回合布放1件试制件，全场最多4件；试制件可被双方拆除。","每件装置正交邻格；每件8点以太伤害；至多2件。"
"老库管","精英封存保管","检定加压","成长意图：施加法强+2，持续至战斗结束；每场最多一次，不造成伤害。","退件：每回合清除场上一个场地效果或装置。","法强+2。"
"老库管","精英封存保管","旧脉冲","沿公开的正交直线4格内每个单位各受到7点以太伤害，并被清空护盾、施加破势；物块截断。","退件：每回合清除场上一个场地效果或装置。","正交直线4格；每目标7点以太伤害；破势。"
"老寻","精英兽类","猎群本能","成长意图：施加力量+2与敏捷+1，持续至战斗结束；每场最多一次，不造成伤害。","留味：玩家角色经过的每格留下持续3回合的气味痕。","力量+2；敏捷+1。"
"老寻","精英兽类","环鸣","标记4格内所有单位1回合；被标记单位藏身无效。","留味：玩家角色经过的每格留下持续3回合的气味痕。","范围4格；标记1回合；藏身无效。"
"楔角","精英构装体","冲压蓄能","成长意图：施加力量+2，持续至战斗结束；每场最多一次，不造成伤害。","锁线：意图生成时公开目标格与路线；浅水冲压不触发干地卸压。","力量+2。"
"楔角","精英构装体","贯场冲压","沿公开锁定路线推进最多5格；首个可受击单位或物件受到8点物理伤害，目标为单位时沿最后一步方向推1格。","锁线：路线与目标公开；非浅水终点清空自身护盾并施加护盾禁得至下个自身回合结束。","公开路线最多5格；首目标8点物理伤害；推1格。"
"小铃","精英图书管理员（风系）","风场增强","成长意图：施加法强+2，持续至战斗结束；每场最多一次，不造成伤害。","换风：每场最多3次，公开改变风向与风级；只搬动散页、碎晶、烟尘。","法强+2。"
"小铃","精英图书管理员（风系）","引火","将已着火散页沿公开风向移动最多3格；沿途与终点单位各受到6点火焰伤害，终点生成火场。","换风：每场最多3次，公开改变风向与风级；只搬动散页、碎晶、烟尘。","沿风向最多3格；每次命中6点火焰伤害；生成火场。"
"塔之守卫","固定首领","维护增压","成长意图：施加力量+2与法强+2，持续至战斗结束；进入阶段二时触发一次，不造成伤害。","放行·护障维护／显影巡查／冲压隔离；并链：阶段二每次出手时，已放行机关同时结算。","力量+2；法强+2。"
"塔之守卫","固定首领","塔压","沿核心至玩家角色的正交直线最多6格；每个命中单位受到5+已放行机关数点以太伤害（阶段一上限8，阶段二法强+2后上限10）；被物块遮挡处截断。此意图占用本单位当回合出手，不在回合开始额外自动结算。","放行·护障维护／显影巡查／冲压隔离；并链：阶段二每次出手时，已放行机关同时结算。","正交直线最多6格；阶段一每目标5–8点，阶段二每目标7–10点以太伤害。"
